<?xml version="1.0" encoding="UTF-8"?>
<project-private xmlns="http://www.netbeans.org/ns/project-private/1">
    <editor-bookmarks xmlns="http://www.netbeans.org/ns/editor-bookmarks/2" lastBookmarkId="0"/>
    <open-files xmlns="http://www.netbeans.org/ns/projectui-open-files/2">
        <group>
            <file>file:/C:/Users/owoye001/Documents/Sides%20Projects/LittleMe%203.0/src/littleme/MainApplicationGUI.java</file>
            <file>file:/C:/Users/owoye001/Documents/Sides%20Projects/LittleMe%203.0/src/littleme/MainApplicationGUIJPanel.java</file>
            <file>file:/C:/Users/owoye001/Documents/Sides%20Projects/LittleMe%203.0/src/littleme/SquareGUI.java</file>
            <file>file:/C:/Users/owoye001/Documents/Sides%20Projects/LittleMe%203.0/src/littleme/Square.java</file>
            <file>file:/C:/Users/owoye001/Documents/Sides%20Projects/LittleMe%203.0/src/littleme/Circle.java</file>
            <file>file:/C:/Users/owoye001/Documents/Sides%20Projects/LittleMe%203.0/src/littleme/Cylinders.java</file>
            <file>file:/C:/Users/owoye001/Documents/Sides%20Projects/LittleMe%203.0/src/littleme/RectangleGUI.java</file>
            <file>file:/C:/Users/owoye001/Documents/Sides%20Projects/LittleMe%203.0/src/littleme/Rectangle.java</file>
            <file>file:/C:/Users/owoye001/Documents/Sides%20Projects/LittleMe%203.0/src/littleme/TrapeziumGUI.java</file>
            <file>file:/C:/Users/owoye001/Documents/Sides%20Projects/LittleMe%203.0/src/littleme/Trapeziums.java</file>
            <file>file:/C:/Users/owoye001/Documents/Sides%20Projects/LittleMe%203.0/src/littleme/TriangleGUI.java</file>
            <file>file:/C:/Users/owoye001/Documents/Sides%20Projects/LittleMe%203.0/src/littleme/Triangles.java</file>
            <file>file:/C:/Users/owoye001/Documents/Sides%20Projects/LittleMe%203.0/src/littleme/LittleMeGameForGUI.java</file>
            <file>file:/C:/Users/owoye001/Documents/Sides%20Projects/LittleMe%203.0/src/littleme/LittleMe.java</file>
            <file>file:/C:/Users/owoye001/Documents/Sides%20Projects/LittleMe%203.0/src/littleme/LittleMeGameGUI.java</file>
            <file>file:/C:/Users/owoye001/Documents/Sides%20Projects/LittleMe%203.0/src/littleme/LittleMeGame.java</file>
            <file>file:/C:/Users/owoye001/Documents/Sides%20Projects/LittleMe%203.0/src/littleme/CircleGUI.java</file>
            <file>file:/C:/Users/owoye001/Documents/Sides%20Projects/LittleMe%203.0/src/littleme/Question.java</file>
        </group>
    </open-files>
</project-private>
